headline,author,published
Oakland University in serious talks to buy Palace of Auburn Hills,David Jesse and Vince Ellis,"10:53 a.m. ET Oct. 26, 2018 "
"Relatives who never received remains of loved ones finally finding peace, learn truth",Frank Witsil,"6:00 a.m. ET Oct. 24, 2018 "
Michigan woman fights off would-be kidnapper near Twin Lake,Matt Gard,"9:15 a.m. ET Oct. 26, 2018 "
"Poll: Legal weed, anti-gerrymandering, voter access proposals lead big",Kathleen Gray,"6:00 a.m. ET Oct. 26, 2018 "
"Amid Detroit funeral home scandal, abandoned remains come home",Frank Witsil,"6:00 a.m. ET Oct. 26, 2018 "
"Bangladeshi immigrants concerned about crime in Detroit, Hamtramck",Niraj Warikoo,"6:00 a.m. ET Oct. 26, 2018        "
An 'A' or an 'F'? 5 things to know about grades for Detroit schools,Lori Higgins,"5:00 p.m. ET Oct. 25, 2018 "
Mail bomb probe: How to spot a suspicious package,Maryann Struman,"4:43 p.m. ET Oct. 25, 2018        "
Detroit police: 6 of 11 Cantrell fetuses identified,Fiona Kelliher,"2:13 p.m. ET Oct. 25, 2018        "
Michigan county clerk pleads guilty to drunken driving on motorcycle,Associated Press,"1:39 p.m. ET Oct. 25, 2018 "
